25,120:13,40:37,17:30,128:39,154:24,191:40,139:5,156:11,273:2,153:40,161:26,214:7,208:33,36:15,38:17,174:10,122:33,112:33,245:13,143:16,28:38,92:10,60:12,254:15,256:8,275:11,3:17,226:10,6:10,239:6,287:5,195:15,215:37,16:37,141:4,198:27,258:20,57:26,216:40,160:25,138:33,68:24,217:11,265:21,173:4,284:28,4:20,232:7,246:20,51:37,87:3,146:7
17,256:11,40:20,132:3,139:39,273:9,153:29,300:29,243:36,221:9,88:14,30:12,31:35,215:25,16:8,198:7,57:34,216:3,71:21,103:33,208:21,36:5,38:11,113:32,173:33,280:23,122:40,11:20,15:6,209:23,130:14,245:24,41:4,248:38,255:22,28:2,251:36,205:26,179:5,250:35,43:2
14,25:34,17:20,40:1,128:32,154:38,153:40,300:29,175:2,283:18,86:39,36:13,21:37,93:25,77:12,174:6,15:31,264:24,92:19,291:33,251:17,234:29,197:39,266:16,184:37,80:11,275:26,290:19,190:20,3:8,239:27,287:33,30:24,271:24,195:26,215:20,16:8,299:25,258:35,138:15,82:39,219:20,298:5,90:14,121:10,244:35,53:36,255:12,232:6,246:35,7:40,179:14,250:9,87:24
115,25:40,40:27,17:8,128:24,3:29,157:40,12:30,226:19,191:40,229:30,116:13,73:25,156:1,273:8,221:19,88:17,10:4,180:8,101:20,141:5,57:31,228:12,71:27,113:40,177:1,107:23,56:19,280:13,159:4,130:35,4:6,131:38,244:4,110:15,248:11,100:7,246:26,171:11,166:6,184:22,150:36,43:4,127:4
135,59:13,238:6,5:16,207:32,237:11,227:27,84:19,49:11,267:10,189:20,35:34,259:8,213:27,129:13
236,64:29,196:10,151:14,220:13,169:29,176:5,48:11,102:15,257:27,268:26,182:35,138:13,240:1,21:16,201:24,185:25,162:36,263:34,252:22,69:9,121:35,231:24,92:33,234:17,164:39,20:2,133:30,50:17,108:12,7:29,279:24
221,25:25,128:18,3:40,157:13,132:15,73:20,278:24,104:1,30:17,195:32,233:13,101:28,141:4,95:32,38:6,107:28,253:8,4:9,131:37,110:2,249:31,248:5,28:30,255:33,126:5,246:10,171:30,166:33,205:34,33:9,184:23,179:16,150:36,127:10
281,45:34,3:8,137:6,152:4,114:13,31:18,47:38,215:22,180:13,57:36,158:3,134:3,71:20,1:7,61:11,81:24,265:16,65:32,280:5,159:5,15:32,253:14,170:32,245:37,131:29,84:30,63:16,28:20,291:27,232:34,60:3,35:25,80:37,142:10,129:28
31,25:27,14:16,40:32,154:24,157:13,116:6,156:14,243:31,214:10,86:25,36:9,212:7,77:3,174:40,15:21,237:34,112:16,245:15,291:22,197:4,266:18,213:3,254:10,256:28,275:19,290:36,226:14,132:15,287:8,30:36,195:13,215:30,16:24,180:30,267:2,141:6,198:21,216:10,138:20,68:25,219:28,276:15,209:25,244:9,232:36,42:23,106:13,51:6,87:3
147,225:18,190:9,154:2,32:1,6:9,181:36,149:14,153:34,283:18,272:40,160:6,268:37,165:32,138:22,125:14,294:16,224:18,93:36,21:33,13:15,90:24,77:11,277:8,23:13,162:1,112:2,203:11,269:36,231:13,210:13,50:29,124:31,197:36,108:1,199:6,178:3,279:7
257,240:29,192:19,128:40,64:27,185:20,37:38,173:24,220:25,24:10,11:40,116:14,139:27,183:27,121:15,278:10,271:34,188:16,92:21,234:9,133:6,241:19,138:3,82:5
134,194:7,1:33,145:39,113:40,81:10,261:2,274:1,137:39,98:18,284:10,152:10,114:25,170:25,123:13,47:30,233:3,230:14,60:9,74:24,260:24,19:13,142:26
36,256:34,275:1,154:3,3:30,6:39,300:38,153:13,215:18,198:14,258:10,57:34,283:6,138:29,294:8,212:27,77:20,46:4,174:4,122:6,112:4,100:21,53:34,264:12,255:27,291:31,232:6,197:27,60:30,106:3,42:11,184:8,146:24,254:23
224,200:2,290:27,39:39,154:30,6:6,181:19,62:18,153:16,85:30,282:23,118:10,102:13,18:2,186:14,258:18,283:34,272:36,86:21,125:22,68:39,13:23,46:35,144:4,89:26,112:32,218:20,41:6,53:18,231:15,206:22,124:12,197:37,266:22,155:33,202:32
93,275:28,225:23,190:32,6:15,181:38,239:8,220:18,139:33,236:16,48:22,271:39,282:17,102:7,118:24,258:2,283:16,214:39,268:34,2:5,138:16,182:36,294:37,36:8,224:7,247:38,13:2,298:32,277:37,23:8,162:33,121:2,209:13,289:23,44:35,235:35,119:18,41:37,203:33,100:6,231:22,54:33,20:31,108:7,197:39,146:11
21,190:17,290:29,154:10,32:2,149:15,48:29,118:25,186:17,258:27,272:7,214:38,96:4,165:35,148:22,294:10,224:33,192:14,93:20,247:18,90:33,77:5,46:2,144:35,23:22,162:32,89:36,252:29,203:30,269:6,92:28,167:40,50:11,164:36,124:2,108:36,42:39,155:13,146:21
1,83:15,117:2,137:40,31:16,47:37,215:37,180:26,19:38,194:27,61:30,94:40,46:21,81:31,174:22,286:23,217:39,284:11,5:1,207:10,237:25,143:25,63:1,232:11,291:2,35:38,60:34,106:30,260:5,129:8,27:37,254:27
185,40:26,70:18,128:1,64:9,226:7,239:36,116:21,139:30,220:5,287:5,278:36,176:28,10:29,299:33,198:9,283:37,111:25,241:24,2:27,138:25,82:34,294:12,192:37,298:18,77:5,288:35,24:34,183:18,121:8,285:21,54:25,188:15,133:19,167:37,234:22,251:34,33:15,7:13
38,14:26,275:9,128:4,115:32,229:10,116:16,73:21,278:18,281:38,31:25,30:28,180:24,198:12,141:35,57:7,71:22,208:31,36:2,219:37,174:24,56:4,284:13,209:38,253:23,130:26,244:17,131:7,4:2,248:13,264:10,205:13,166:23,106:34,34:31,179:7,250:3,150:14,43:4
113,3:35,117:10,132:30,73:28,156:7,221:1,281:34,30:39,123:25,233:9,47:2,67:31,228:11,72:7,1:11,38:20,159:28,98:34,284:10,75:20,245:25,244:35,4:31,143:37,110:14,255:24,28:6,166:35,60:33,106:23,27:8
81,76:13,114:28,58:29,31:15,195:7,180:22,16:13,47:17,215:12,57:32,158:40,67:39,208:34,194:24,38:27,113:1,174:27,276:1,265:21,98:25,253:5,75:8,292:12,244:18,84:31,255:8,205:27,60:34,35:34,223:19,106:9,260:30,87:23,80:17,129:7,27:19
77,25:30,17:23,64:18,157:38,300:4,273:40,283:27,241:26,224:34,262:19,93:6,11:1,15:7,112:22,41:30,264:1,231:14,92:3,206:14,234:19,124:18,197:7,270:22,184:4,290:40,3:32,226:36,6:5,271:1,195:18,180:24,198:4,258:26,103:23,160:29,2:37,138:17,294:23,68:1,219:21,247:33,298:5,263:15,162:20,173:38,121:35,209:21,119:12,255:16,42:1,7:28,179:24
174,17:31,275:24,83:35,6:16,117:34,193:34,137:10,281:21,180:5,215:13,47:30,158:4,214:1,67:8,103:21,52:35,208:5,194:22,219:39,113:21,94:37,46:6,276:34,265:23,65:21,284:36,207:40,292:2,112:14,245:13,143:18,84:24,232:18,60:34,223:32,266:30,250:19,184:7,213:15,87:13,27:2,9:3
122,14:34,139:18,116:14,153:25,273:23,31:27,283:15,161:2,86:10,165:18,208:40,93:33,21:13,38:19,77:5,174:20,15:2,112:29,100:38,264:32,92:28,206:33,197:10,124:30,60:30,80:40,256:39,290:27,3:5,226:11,6:2,132:24,287:13,30:22,198:20,216:5,160:4,138:19,68:33,219:17,247:22,276:7,173:7,209:12,244:20,53:34,255:2,106:34,51:23,146:28
238,136:4,55:35,207:19,85:33,227:3,140:27,105:20,18:9,49:20,267:32,91:21,272:22,204:2,148:39,168:10
11,25:24,40:16,14:34,70:7,128:22,97:7,154:22,132:11,239:25,287:29,139:8,176:36,88:13,243:8,10:37,175:7,299:28,141:17,198:30,258:2,297:27,214:26,111:39,82:39,36:35,68:19,298:33,185:36,219:18,263:21,173:25,122:6,24:22,183:31,249:23,100:38,188:11,167:14,234:29,246:35,42:17,7:25,179:7,184:11,22:3
15,256:30,25:17,120:31,275:2,157:39,3:37,154:26,6:17,273:2,47:22,267:5,103:6,52:1,165:12,36:34,1:12,38:21,46:15,81:5,174:14,265:29,292:24,41:1,84:10,53:10,291:29,232:35,223:19,106:24,266:13,179:32,213:11,184:28,80:10,87:34
211,256:3,222:9,290:27,190:31,135:30,6:13,149:32,8:32,153:11,85:14,18:33,163:22,267:6,189:8,109:10,148:2,168:12,94:36,46:26,265:33,187:16,238:37,207:31,237:40,292:27,112:18,49:4,206:20,91:15,178:21,204:22,80:26,202:28,9:12,254:18
112,222:9,256:22,120:11,14:39,290:31,153:24,85:23,180:6,215:32,214:24,216:14,52:40,160:30,148:1,208:29,21:34,247:39,13:27,90:18,46:19,276:17,144:38,265:23,187:36,89:35,15:37,207:33,209:24,53:10,264:17,49:16,232:2,206:29,124:2,197:20,266:5,204:32,87:14,9:31
264,25:2,40:33,17:28,290:28,6:16,239:26,156:22,153:22,31:29,180:14,215:19,141:33,283:10,214:33,86:19,165:29,138:10,208:24,21:33,93:1,212:37,219:35,46:31,174:12,217:6,173:16,15:13,209:31,119:20,255:22,92:16,106:6,266:37,213:38,146:18
28,115:12,45:9,132:40,156:37,243:3,58:37,30:31,195:39,233:4,47:38,180:31,95:3,38:4,177:9,81:26,159:15,98:11,130:22,4:21,244:27,143:7,110:33,255:26,166:16,34:20,184:1,87:26,127:30
92,120:29,17:38,157:8,154:11,116:22,273:38,243:15,88:29,31:34,175:9,161:32,283:3,214:36,111:7,86:8,241:9,125:32,36:17,240:4,262:17,93:36,185:25,24:38,11:25,183:17,231:19,54:15,133:30,124:29,197:19,184:5,70:23,275:31,239:17,220:7,287:33,278:37,48:3,271:9,102:19,299:17,198:20,258:37,103:5,216:16,160:39,2:17,82:5,192:28,68:38,90:32,263:5,89:19,69:20,53:20,255:37,232:10,164:28,167:6,7:29,179:33,155:16
126,12:40,157:9,115:28,37:1,29:17,229:15,156:32,278:22,88:14,30:30,297:12,99:11,177:23,107:40,56:28,288:32,11:18,183:14,130:30,4:18,110:14,188:32,251:37,171:32,7:38,150:15,43:26,127:8
234,70:37,97:18,239:22,287:33,220:24,116:4,139:40,300:23,48:28,271:28,258:24,283:25,125:30,82:35,240:13,93:35,173:30,69:29,24:19,289:19,188:16,92:30,164:34,133:39,270:1,7:4
133,70:7,37:25,239:6,116:40,220:30,88:38,10:19,271:29,299:13,297:7,241:40,2:23,240:40,294:9,262:26,192:23,263:11,173:28,11:18,249:10,54:10,188:26,33:17,293:16,7:19
124,200:7,275:35,290:20,154:16,39:32,181:1,239:18,236:39,62:27,102:8,118:19,214:14,216:30,182:18,148:24,125:22,294:35,192:17,201:26,93:22,262:31,68:25,23:17,162:34,263:11,89:38,69:31,44:26,119:11,53:32,203:24,264:40,231:12,167:33,164:28,108:2,42:23,266:18,51:12,279:26
171,66:24,37:23,229:17,288:22,104:1,88:8,10:15,249:27,101:24,79:24,251:11,78:3,33:11
270,64:20,26:23,32:11,220:12,236:31,169:33,48:40,271:33,147:9,186:33,258:31,96:9,111:6,268:14,160:4,125:37,182:24,295:3,224:23,240:38,294:27,93:16,262:36,21:9,212:16,68:15,90:13,277:9,162:1,69:23,119:15,269:25,203:10,54:36,92:16,164:22,124:34,155:19
43,145:40,157:24,226:10,191:17,73:26,156:7,278:9,104:8,221:14,123:26,16:12,101:14,141:27,95:24,71:7,228:33,113:4,56:8,159:20,98:32,253:23,130:20,244:33,245:14,131:22,248:3,28:21,246:13,166:19,205:34,184:3,150:25
254,256:18,14:33,190:11,290:28,3:1,215:34,267:18,258:13,214:28,216:40,160:5,165:10,168:31,224:20,68:5,136:28,247:29,46:20,77:9,174:2,122:28,207:11,15:27,209:39,237:22,112:40,44:21,41:5,53:8,264:21,49:35,291:31,197:5,259:25,60:24,178:12,199:14,204:30,213:12,184:29,9:32
190,25:27,200:12,275:7,6:2,149:33,300:31,31:28,105:31,215:28,267:39,258:8,161:22,283:26,214:30,103:14,86:13,160:13,52:39,138:1,224:36,36:10,212:15,46:25,77:16,144:33,174:33,265:33,122:37,15:22,209:28,237:30,112:27,44:34,119:39,53:10,264:31,49:3,210:25,291:11,232:8,206:30,124:7,178:18,42:16,51:3,146:4
97,225:20,196:24,139:21,236:23,48:24,175:26,257:13,283:32,96:38,2:11,82:35,294:11,21:13,93:17,201:29,298:15,185:37,277:8,77:34,162:4,173:18,69:28,24:11,289:20,231:29,54:38,92:3,20:18,164:22,133:21,50:31,124:40,108:34,42:23,270:4,7:12,279:4
290,256:14,222:23,25:4,120:16,275:5,190:18,154:34,149:38,287:24,85:4,147:16,18:1,105:11,215:5,267:33,272:40,86:25,52:17,36:29,93:30,136:26,247:4,174:16,276:35,144:12,217:37,265:13,207:12,15:3,41:22,218:1,53:21,49:26,291:4,197:18,42:11,178:19,266:7,146:38,202:14
145,261:10,152:15,114:11,281:13,123:2,16:30,57:33,74:1,228:26,72:32,113:20,280:26,274:8,159:28,98:24,75:35,253:39,242:3,131:38,245:27,143:32,296:11,28:8,230:3,260:26
32,225:18,39:24,151:14,62:28,102:15,186:23,96:32,160:32,165:10,125:32,224:15,201:37,93:37,212:35,68:30,23:39,235:7,218:3,269:36,53:21,231:14,210:34,206:27,50:33,167:20,164:22,108:34,124:27,178:14,146:26,202:21
59,136:8,8:4,149:14,238:24,5:10,211:8,85:34,227:10,105:26,49:1,163:19,189:25,91:19,172:17,148:15,9:13
151,200:12,240:27,192:20,225:6,26:26,97:10,69:37,169:15,289:33,269:8,203:28,102:37,186:17,54:21,50:11,167:25,20:7,270:24,96:25,268:2
62,222:8,93:39,21:14,13:21,39:20,6:7,181:32,89:19,282:13,118:38,147:34,231:40,186:10,164:19,178:7,199:19,155:2,182:36,165:4,148:10,125:4
30,25:30,40:7,120:35,128:16,12:30,157:20,115:3,132:31,191:4,287:26,73:15,156:37,278:15,243:38,88:26,195:1,16:12,101:28,95:29,57:37,161:13,71:1,36:20,280:5,159:2,284:39,209:18,75:1,131:33,245:35,244:39,143:33,110:5,248:28,100:35,255:27,251:30,60:20,106:35,33:34,184:23,179:28,150:8,87:28,43:30,127:24
195,40:2,17:25,115:5,12:14,3:37,154:21,287:3,116:1,156:26,273:30,281:15,243:35,10:24,180:23,141:37,57:31,228:26,103:22,71:22,208:9,36:35,38:40,113:20,174:36,276:13,122:21,98:15,284:21,15:25,75:35,130:33,244:11,110:38,249:14,248:37,100:24,264:33,255:40,232:22,106:23,34:40,87:19,150:8,43:14
16,157:29,115:11,117:32,156:11,221:23,58:13,281:9,195:6,180:23,215:14,233:25,74:4,228:15,208:14,36:25,194:36,1:34,113:28,38:19,174:15,56:23,265:24,122:40,15:14,98:2,253:8,130:20,244:4,245:2,255:11,28:19,246:1,60:15,205:3,166:34,106:39,34:23,179:2,260:3,184:32,87:16
186,200:1,93:8,212:24,68:19,39:35,162:26,169:9,48:14,235:16,147:33,53:5,269:16,210:5,164:19,50:39,167:12,124:12,108:22,199:4,283:20,96:26,155:39,279:2,202:38
57,3:3,157:10,132:15,191:24,73:8,156:36,273:34,243:30,58:22,221:27,31:1,180:15,16:20,47:21,141:5,161:27,74:32,228:14,71:28,208:12,194:30,113:20,280:36,159:31,284:37,209:19,253:19,130:3,4:33,131:37,245:2,244:30,110:7,28:15,255:31,60:38,106:23,250:21,87:17,43:36
297,70:30,12:17,37:6,56:35,288:26,183:1,285:27,278:19,249:39,101:16,257:39,171:14,95:13,293:38,99:14,127:24
95,70:16,66:21,177:36,12:2,115:35,132:39,229:30,104:13,4:20,249:40,101:27,79:9,126:35,251:10,171:3,33:33,34:17,71:37,228:17,150:25,127:21
158,76:19,194:32,1:34,94:27,284:8,137:22,98:31,152:26,292:40,170:22,114:3,143:7,63:8,35:21,134:27,260:36,19:17,142:12,27:8
71,145:33,3:6,45:20,226:17,132:9,156:38,221:27,58:2,243:14,123:37,16:8,180:6,74:30,228:16,208:29,194:18,113:19,159:9,284:28,75:2,253:39,130:29,244:33,143:10,110:3,248:20,28:19,60:5,166:30,34:24,184:31,150:12
103,25:1,120:38,14:26,128:10,115:15,300:15,273:38,153:38,243:23,31:4,161:23,214:7,86:21,165:37,36:6,212:23,38:5,46:38,122:9,11:14,112:16,245:30,264:12,60:6,205:2,184:5,80:7,254:18,256:33,275:6,290:11,3:37,226:1,6:40,239:34,30:22,16:34,141:36,258:33,57:33,160:34,294:24,68:5,219:16,90:23,265:34,217:33,121:14,284:27,248:5,255:4,232:38,246:20,166:21,106:8,51:6,250:22
99,70:22,66:24,12:7,56:30,229:28,288:7,29:8,278:31,104:31,101:11,251:28,171:25,95:38,78:33,33:40,150:3,22:3
194,76:33,145:32,152:36,114:28,281:30,58:5,233:10,47:33,19:8,72:7,61:6,113:6,38:34,280:2,159:7,75:11,253:38,242:4,170:17,245:29,131:9,244:10,143:7,84:12,28:23,230:12,106:8,223:24,142:38,27:21
201,225:6,196:11,151:6,62:29,48:12,282:26,147:3,186:13,96:2,182:6,125:40,295:22,240:5,294:4,93:22,262:27,21:31,68:28,23:9,89:37,252:40,69:13,269:9,108:7,270:9,155:22,279:22,146:29
66,70:28,177:26,288:8,29:34,229:34,278:27,285:11,104:18,88:25,249:38,101:13,79:7,188:8,126:27,251:11,297:34,293:24,33:38,22:39
298,40:20,64:2,154:23,239:28,287:11,116:14,139:32,236:5,88:30,299:25,258:9,257:17,138:35,125:10,82:11,262:3,162:2,263:35,183:3,41:9,231:40,188:30,54:1,92:24,167:28,234:27,20:10,133:27,270:21,7:18,179:39
107,70:3,66:32,177:4,56:11,132:31,229:10,156:26,30:30,248:22,101:4,28:17,246:38,297:27,95:22,171:34,78:18,293:38,228:7,71:35,99:9,150:31,43:22,127:18
265,275:35,3:7,6:15,137:20,31:19,180:2,47:32,163:35,267:36,158:6,67:29,86:34,208:25,36:1,1:36,94:38,276:33,217:36,122:14,237:13,245:29,143:40,49:15,264:4,232:39,197:29,35:24,223:33,106:33,266:5,250:17,184:5,27:38,254:7,9:26
207,256:24,59:11,163:25,267:28,189:37,158:6,272:37,172:33,109:13,52:27,136:4,46:29,217:2,187:25,265:24,5:17,15:40,237:27,63:36,49:9,291:28,91:28,35:19,266:13,204:40,213:12,9:31
98,76:5,3:16,45:19,193:10,152:24,281:32,123:33,57:7,71:21,19:38,194:31,72:15,1:39,38:28,276:39,174:11,274:7,75:38,244:22,245:31,143:15,110:21,248:24,230:18,205:27,60:6,34:21,27:34
292,256:20,135:39,83:5,117:12,193:30,137:21,281:10,105:30,215:39,47:10,163:40,267:7,67:37,208:34,1:7,286:28,276:13,265:5,207:17,284:33,5:24,237:18,143:1,49:6,60:23,204:31,250:37,129:31,27:38
44,200:16,222:35,290:5,32:6,6:8,149:40,8:27,62:33,153:11,282:6,18:22,147:29,118:6,186:11,272:20,216:14,165:18,182:1,148:9,224:29,21:38,217:17,252:17,112:15,235:31,119:31,53:39,231:12,91:29,197:14,178:10,155:30,146:2
244,25:17,120:9,17:12,40:35,275:32,3:7,191:2,116:16,287:12,156:17,273:19,58:11,281:17,221:17,47:3,215:18,233:20,180:13,103:4,208:18,36:14,219:21,174:29,56:1,284:14,15:32,253:37,209:25,131:37,4:34,245:6,143:25,110:7,100:30,264:37,255:12,232:37,205:20,60:40,106:34,184:15,179:4,150:29,127:14
218,21:27,247:1,190:38,39:27,144:37,6:37,89:39,181:21,8:34,62:3,44:1,282:37,147:2,186:13,206:26,91:16,124:19,272:5,160:14,268:18,146:30,182:7,202:36
53,25:30,120:15,300:7,153:28,273:15,31:10,147:14,283:11,214:17,86:31,268:12,21:1,93:32,77:32,144:16,237:18,264:23,206:25,197:38,178:10,270:27,184:8,80:10,256:26,275:4,239:17,287:1,62:18,48:3,215:28,198:4,258:29,103:9,138:9,294:24,68:35,247:29,219:3,217:9,89:33,173:1,218:36,232:9,164:16,91:17,51:20,179:37,250:39,155:10,202:10
49,222:3,153:6,227:40,105:27,18:28,163:37,189:35,52:12,168:29,148:35,136:37,187:25,65:37,237:33,140:2,63:18,291:28,210:21,91:36,259:20,178:9,204:19,51:17,80:40,129:33
246,17:37,70:25,37:21,157:3,12:39,226:3,132:9,191:40,73:40,273:4,30:25,195:14,57:14,95:32,228:40,71:12,241:22,36:3,219:29,38:37,113:34,56:21,280:21,183:16,245:40,4:19,131:38,244:11,249:17,110:8,248:1,100:9,255:7,28:18,126:13,205:2,171:16,33:23,150:37,127:23
166,25:12,40:15,17:16,128:27,3:11,157:38,132:3,116:2,156:26,104:19,273:34,30:5,10:8,195:21,233:29,101:17,57:2,95:28,228:24,219:16,177:26,107:5,56:7,159:10,209:1,130:6,244:6,245:27,131:38,110:23,255:9,126:19,246:22,171:26,205:10,106:1,33:28,179:30,150:25
33,128:18,115:1,157:28,139:28,156:24,104:22,243:35,175:32,198:31,141:11,257:35,297:4,241:12,56:8,107:37,288:24,11:7,183:7,4:15,100:39,188:6,126:8,293:1,78:4,150:2
129,76:9,55:30,94:18,276:34,174:16,286:32,193:22,83:11,265:19,207:27,5:34,84:22,291:18,267:1,35:25,158:30,67:2,204:38,168:13,27:10
127,17:16,70:12,37:7,12:3,226:30,132:29,229:2,29:40,273:37,88:39,195:4,101:20,79:14,57:39,71:3,99:2,66:38,38:27,177:25,183:36,131:1,110:18,100:29,255:6,251:9,166:36,171:29,33:35,293:4,78:11,179:19,43:21,22:32
128,17:7,64:19,12:15,37:12,154:8,156:9,273:10,300:1,243:19,31:37,175:33,161:12,283:16,111:40,214:17,86:39,241:16,36:9,262:12,77:26,122:31,288:16,24:11,41:34,264:6,92:24,126:15,251:26,133:31,234:1,184:36,132:14,239:3,287:7,278:25,195:31,180:27,258:25,2:4,138:16,82:17,294:1,219:19,298:37,173:31,121:25,244:21,249:20,246:26,42:30,7:2,127:4
64,14:21,97:24,157:21,226:1,116:8,220:27,139:20,300:33,273:3,176:21,48:17,271:1,102:1,283:35,2:15,138:20,125:28,82:17,294:34,192:18,93:35,68:30,263:18,288:28,69:5,24:40,11:28,183:31,121:9,289:5,285:2,92:9,234:30,133:6,42:21,179:6
157,25:8,40:27,14:6,120:4,17:14,275:15,128:33,12:28,37:29,239:18,191:14,229:18,116:27,156:8,278:11,300:12,243:8,10:32,175:21,195:31,180:18,198:22,141:37,214:35,103:18,216:21,71:40,36:7,298:6,219:10,38:24,122:8,11:24,121:22,209:1,244:11,249:5,100:20,264:29,28:15,255:1,106:15,7:23,184:33,179:35,127:3
154,120:23,40:34,17:30,64:13,157:25,139:33,273:40,118:16,283:2,214:14,86:33,125:3,93:2,77:9,46:12,122:27,24:3,112:25,41:13,231:13,264:36,234:13,50:12,199:18,266:32,270:3,184:5,80:9,254:24,256:15,275:39,190:15,3:31,48:20,102:26,215:6,299:25,258:13,216:32,103:26,160:30,82:13,294:20,192:17,68:20,247:6,90:38,162:25,217:8,263:33,173:29,53:10,255:7,42:27,250:38,51:11,155:14,87:16,146:5
229,70:4,37:25,226:6,191:11,73:18,278:35,221:31,88:4,243:26,30:9,297:16,228:10,71:2,241:10,56:7,288:17,183:18,110:18,249:23,248:22,251:31,246:32,166:27,33:13,293:25,150:7,43:6
300,25:26,200:25,154:8,116:40,139:33,243:18,31:12,175:30,147:5,161:10,93:39,21:13,212:3,185:6,122:4,11:36,112:3,41:38,264:40,92:23,206:30,50:38,197:30,124:22,266:7,184:9,256:13,275:16,290:32,3:28,226:10,239:11,287:14,48:18,195:31,180:33,299:2,141:7,258:31,160:27,2:9,138:18,82:34,294:29,192:34,68:36,298:22,247:11,162:36,173:24,119:38,164:26,167:7,42:38,51:24
273,40:34,14:11,120:23,157:38,12:40,226:20,6:34,132:3,191:33,239:35,287:37,139:38,156:6,300:27,221:9,10:10,31:21,30:5,175:19,16:27,180:4,299:38,198:13,258:12,283:36,160:34,208:2,82:2,36:31,212:3,68:37,219:2,298:10,38:23,46:33,173:29,11:40,24:35,183:31,41:14,264:1,255:25,232:7,234:13,197:11,205:27,179:28,87:17
85,222:12,136:30,190:16,144:28,217:35,8:19,149:37,62:13,44:15,235:12,282:14,218:37,49:38,259:19,178:11,272:20,204:12,202:29
67,76:9,145:19,45:38,261:10,193:28,117:36,83:24,137:22,281:38,58:21,123:33,16:40,158:31,74:33,134:3,194:17,72:9,1:40,276:18,286:34,65:19,284:16,98:24,170:23,143:25,296:40,60:38,27:22
268,225:10,97:2,196:31,39:21,32:11,62:39,118:38,186:15,283:11,96:33,295:32,224:12,21:17,201:2,192:13,68:8,89:17,252:32,289:28,44:25,119:36,203:13,269:18,231:29,167:15,164:31,206:22,124:6,108:10,42:34,199:25,279:31,146:30
208,256:36,14:5,157:40,3:25,191:6,153:12,58:40,281:5,31:20,30:22,215:6,47:7,161:12,158:4,74:22,67:27,103:20,36:16,194:6,1:33,113:1,46:28,217:33,284:4,98:21,15:30,209:3,245:20,143:10,84:13,255:11,28:12,232:38,35:38,223:37,213:31,260:22,184:24,80:6,254:32,27:27
240,64:11,26:6,225:4,97:26,220:24,176:19,48:32,175:28,299:36,283:21,111:15,125:7,294:35,93:16,192:30,68:35,298:27,185:4,173:39,252:25,11:36,24:37,69:20,121:22,54:31,20:13,50:19,279:2
212,25:17,40:5,14:8,128:37,154:8,181:38,139:6,116:4,153:31,147:23,283:15,86:32,125:28,224:16,21:9,93:18,13:35,77:2,144:19,122:19,15:8,289:25,237:7,112:23,41:29,231:7,291:5,92:18,50:13,124:22,178:11,80:36,254:2,256:25,290:21,6:27,62:9,258:3,138:24,68:16,247:1,90:21,263:22,217:17,173:34,44:9,119:29,53:13,232:13,167:14,42:32,179:21,250:11,155:18,87:13,146:34
94,135:20,193:18,59:3,83:7,117:8,227:10,163:21,189:16,52:31,168:7,55:37,61:5,286:17,238:23,207:28,5:15,237:32,292:10,140:37,49:24,91:10,204:39,80:18,254:15,9:18
46,256:21,25:23,14:23,17:39,290:34,149:15,300:33,31:36,180:17,267:13,258:1,161:2,214:22,216:15,93:3,68:36,212:29,13:35,247:12,77:31,187:1,265:14,122:16,284:11,119:14,53:25,49:21,255:26,232:3,197:3,91:25,124:10,178:17,42:35,266:15,250:20,184:16,87:11
23,200:20,225:32,26:30,39:39,151:4,169:20,62:40,282:37,118:9,186:32,268:25,182:14,224:33,13:27,277:37,144:30,162:10,289:24,44:24,119:22,218:11,203:20,231:37,50:18,108:19,199:24,270:12,279:14
65,1:16,94:24,81:26,135:8,117:15,193:8,265:15,83:15,207:11,237:3,292:20,211:23,227:27,63:19,47:32,158:23,109:12,204:34,142:31,19:25,52:10,129:16,168:29,27:31
252,97:15,39:7,32:4,181:35,151:29,62:33,147:8,118:25,102:6,186:10,182:5,224:9,262:37,93:22,68:13,23:36,289:5,235:11,269:29,203:4,231:29,20:18,167:30,108:32,124:11,199:28,270:28,155:37
288,40:17,70:34,12:6,37:20,29:31,116:30,139:6,278:23,243:22,175:33,101:19,299:6,141:14,198:10,257:34,298:39,56:14,11:19,121:25,4:3,249:39,100:23,188:24,92:9,251:23,234:32,133:27,293:6,7:29,22:2,127:1
75,115:7,45:3,114:33,281:9,221:37,123:19,47:20,233:36,16:24,57:31,134:5,67:30,228:28,208:7,72:35,1:9,38:35,276:11,280:26,284:31,253:17,242:33,131:21,244:20,296:25,28:5,166:18,43:16
237,222:26,275:5,290:30,153:3,105:11,215:10,163:34,267:36,109:38,216:29,52:16,168:14,165:10,208:6,247:11,46:40,286:34,174:6,217:32,122:38,5:15,15:34,112:26,264:32,206:34,91:1,197:18,259:1,35:14,178:11,266:20,204:34,87:24,80:26,129:29,9:24
130,25:31,128:36,12:39,157:31,3:32,37:36,226:24,132:31,229:9,73:25,278:23,273:33,104:13,221:8,30:6,180:13,101:10,79:16,95:11,99:22,219:19,113:11,107:27,280:7,159:7,4:16,244:17,248:3,251:37,246:39,171:29,33:6,78:36,106:4,150:15,127:40
242,76:25,72:8,45:32,98:25,253:11,152:4,170:37,114:10,123:6,296:14,134:5,67:29,260:40
296,76:9,3:37,45:2,261:28,83:17,117:38,191:37,281:6,58:38,123:22,195:10,16:40,57:4,74:21,134:24,71:22,208:38,194:10,1:12,113:40,38:1,81:24,274:27,98:14,284:12,253:31,244:31,143:3,248:6,28:35,230:7,60:19,205:31,106:1,260:33,43:40,27:2
100,25:2,14:27,17:5,40:15,120:25,128:16,64:15,154:33,12:13,37:3,139:36,116:2,300:34,273:27,88:21,31:25,175:37,257:1,283:2,111:28,212:15,185:40,38:29,77:7,24:13,264:11,126:18,92:28,234:31,133:13,70:37,226:35,239:31,287:24,278:18,271:21,103:8,138:24,68:20,298:17,219:35,56:12,173:10,285:2,249:9,232:30,167:2,166:20,42:1,179:26
54,294:29,262:37,64:39,225:9,263:11,173:37,11:36,236:25,289:33,48:38,175:18,102:37,234:21,20:10,167:10,257:24,108:22,283:39,111:13,7:1,241:8,2:7,155:37,138:40
210,224:6,222:34,136:1,290:23,8:17,149:27,238:11,62:13,211:32,44:24,85:29,282:21,218:28,119:15,203:6,105:28,18:36,118:36,206:17,91:32,259:29,266:17,148:22,202:22
206,200:28,154:19,181:17,149:23,85:9,282:39,118:4,147:25,283:31,86:28,165:3,148:20,125:29,93:23,21:25,212:33,46:27,144:14,235:7,41:11,264:28,124:3,197:13,266:21,80:14,254:26,256:13,222:17,290:15,6:2,62:12,105:21,18:15,215:5,186:12,258:11,160:19,138:30,68:24,187:9,217:25,89:20,44:38,119:18,203:27,232:25,164:40,51:13,202:22
60,256:26,17:34,3:3,117:16,193:35,156:11,31:35,195:38,180:11,47:22,161:6,74:18,158:37,208:19,194:14,219:5,38:29,46:1,276:36,265:23,280:11,15:5,209:36,75:8,131:28,245:2,84:4,264:15,28:9,232:33,35:25,205:3,250:17,87:36,27:1
205,25:37,120:15,14:22,145:8,115:5,157:12,12:24,3:20,58:4,243:6,281:34,30:22,123:3,31:32,195:20,47:36,57:4,74:23,161:36,71:22,208:38,36:26,194:1,219:5,113:17,56:4,174:26,276:21,284:19,15:12,75:22,130:28,131:11,4:37,110:14,28:18,232:16,106:40,250:4,150:2,127:38
293,70:20,12:35,37:17,29:25,183:37,88:16,249:25,188:5,126:12,257:9,95:34,171:32,78:38,99:2,241:15,22:29
9,222:7,190:24,290:7,135:34,83:25,8:21,137:39,227:31,105:5,267:36,189:11,52:5,168:40,136:30,1:33,46:31,276:21,217:34,187:34,65:5,238:27,15:3,292:1,140:17,84:5,49:26,291:11,204:34,51:17,129:33
222,224:40,190:21,144:18,59:22,217:15,6:21,187:23,149:40,238:1,235:14,218:31,53:39,18:37,197:11,199:2,165:35,202:16,148:1,254:31
225,200:23,26:27,39:5,181:35,236:36,48:9,186:27,182:7,21:21,192:39,277:1,162:7,89:14,252:28,289:27,203:5,269:2,231:39,20:19,167:40,164:11,124:28,108:26,270:11,279:38
26,201:40,192:33,97:40,277:31,162:28,252:32,220:6,236:5,176:24,48:29,269:4,102:39,231:22,54:39,111:26,96:23,279:21,268:30,182:34,295:24
3,256:31,120:4,17:20,128:1,157:3,226:15,191:26,73:13,273:24,58:7,30:27,31:38,215:16,16:22,141:13,161:35,1:16,38:12,81:20,46:20,174:34,56:14,173:25,280:28,75:15,112:2,131:8,4:24,245:39,143:28,41:14,100:19,248:31,264:16,255:23,28:28,246:16,197:4,106:27,34:12,179:38,51:37,184:21,87:4,43:11
83,256:23,76:15,114:29,281:25,58:11,123:13,47:24,163:24,158:23,74:30,134:10,208:17,194:6,55:8,81:27,276:10,265:21,207:26,98:26,15:11,237:3,170:5,63:2,35:3,60:35,213:19,142:31,80:9
132,25:3,14:25,120:13,157:39,12:39,37:10,115:4,229:32,139:32,156:14,300:16,243:37,88:22,161:28,214:10,208:27,36:28,38:31,159:1,245:11,110:33,100:39,264:34,126:20,251:4,60:40,205:25,184:15,43:17,70:25,275:13,3:26,226:1,287:27,195:9,16:21,180:33,141:13,103:9,228:25,56:37,244:9,4:12,33:15,106:1,34:37,250:35,179:21,87:29
117,83:23,193:16,137:12,281:14,215:8,47:11,74:10,158:13,134:10,52:14,19:17,208:25,194:31,81:14,265:17,15:34,98:26,207:9,5:11,75:6,170:31,245:29,143:25,84:6,291:6,35:35,223:30,106:17,213:30,80:38,129:5,27:13
73,17:34,157:9,226:29,132:14,156:21,278:1,243:11,195:39,16:21,233:15,101:25,95:22,71:10,228:40,107:18,56:30,159:10,75:29,253:34,244:3,131:35,4:15,245:19,248:10,28:32,126:18,171:22,166:34,205:17,78:30,33:31,34:31,127:2
104,115:24,12:33,37:7,177:1,226:37,107:34,132:1,288:30,229:25,73:39,243:2,4:1,101:17,188:37,126:35,141:31,246:39,297:33,293:18,228:31,150:33,127:15
48,39:32,196:21,32:15,181:2,239:11,151:29,139:32,169:23,271:4,118:17,102:22,175:38,147:19,258:10,283:11,96:4,111:23,214:21,2:36,268:4,160:2,182:40,125:19,82:10,192:31,262:34,212:13,298:6,13:2,185:39,277:14,77:28,23:21,263:32,89:15,173:16,252:19,69:16,24:34,121:29,119:30,269:5,50:3,20:17,164:36,108:40,124:7,279:21
10,17:7,128:38,12:5,37:32,191:6,229:39,156:31,243:15,221:40,175:35,101:24,257:39,241:29,38:15,288:16,24:9,183:36,130:35,110:4,100:36,188:23,126:1,78:22,293:22,43:24,22:37,132:37,73:14,104:13,30:22,79:34,198:12,141:18,95:4,297:11,99:21,82:17,66:4,219:2,177:10,107:29,121:35,285:38,4:31,249:12,246:27,33:10,179:20,150:5,127:3
271,128:9,97:18,37:23,154:16,116:39,220:40,139:33,236:37,300:25,273:33,102:12,299:4,198:34,283:27,214:19,241:4,82:26,294:16,240:13,262:13,192:10,298:3,185:17,288:23,11:16,24:17,183:1,289:34,41:25,231:20,54:39,251:36,167:34,7:3,179:12
18,136:10,247:21,190:11,217:9,59:25,149:30,8:16,62:23,237:32,112:6,85:35,218:35,105:24,91:6,259:32,178:8,172:14,266:31,109:5,204:20,148:1,165:6,9:34
102,200:18,225:4,97:28,39:34,6:33,181:26,169:3,300:25,118:8,147:30,186:20,299:4,283:4,96:26,86:21,2:4,268:13,138:8,182:35,240:8,21:20,201:3,212:32,13:32,185:23,298:15,90:40,77:40,23:5,162:1,89:25,69:17,119:2,53:7,269:24,167:31,50:30,234:38,164:12,108:19,199:40,270:27,7:30,155:12,279:16,146:40
105,256:22,222:24,135:4,153:28,85:19,163:36,267:28,189:6,172:33,109:6,272:2,168:12,136:7,94:30,46:31,286:5,265:29,187:4,65:9,207:28,211:34,112:13,91:16,35:18,259:29,178:22,51:4,80:25,254:9
180,25:26,256:32,17:15,14:1,40:30,154:27,3:22,226:6,191:32,116:4,156:24,221:1,243:39,30:17,141:2,161:3,216:38,103:12,86:2,208:34,36:28,113:20,276:37,122:31,98:6,284:5,15:10,75:12,245:23,131:11,296:38,248:21,100:2,246:23,197:11,205:28,166:34,179:4,34:38,184:25,87:28,43:15,254:1
47,145:10,61:39,3:33,45:29,193:39,274:6,98:10,170:6,123:39,296:19,63:13,84:16,215:9,233:17,16:10,180:5,291:3,158:12,223:11,74:37,67:4,87:29,129:40,27:35
141,17:20,14:37,128:20,64:16,12:5,37:7,154:38,191:1,229:3,116:11,139:28,273:2,88:29,243:26,101:4,257:2,161:7,241:13,36:20,185:9,77:8,122:29,24:1,183:11,130:36,100:21,126:11,92:5,133:2,234:35,205:37,275:34,239:22,73:17,30:2,271:34,299:15,258:14,95:31,297:30,2:31,138:1,294:22,298:15,177:34,107:21,173:31,209:22,285:39,244:12,249:7,248:10,246:27,166:21,7:20,127:18
172,85:37,222:32,140:27,49:9,94:23,135:8,238:21,8:17,109:32,211:4,9:10
160,200:20,40:28,14:21,120:22,290:2,181:19,62:3,153:22,31:20,118:5,102:40,215:11,186:37,198:33,283:25,214:19,216:33,268:28,125:4,224:3,36:24,93:22,21:11,212:5,219:13,90:22,46:26,144:3,217:26,162:37,263:38,173:32,289:30,209:37,237:16,44:30,235:33,53:29,231:5,264:2,232:34,50:22,197:7,124:5,199:21,184:10,179:27
2,40:37,70:27,154:37,37:9,239:6,220:8,116:23,139:10,236:3,176:30,271:29,299:10,198:19,257:16,258:24,111:14,241:23,138:21,82:3,240:22,294:16,192:34,298:6,162:34,288:14,11:18,24:6,121:14,41:33,100:6,231:14,188:18,167:20,251:6,234:35,20:32,270:5
138,120:29,40:7,17:37,290:19,97:39,154:23,157:2,6:38,287:22,273:30,48:37,271:28,198:18,103:15,216:20,86:21,160:26,125:16,82:1,240:7,21:37,192:21,262:17,46:32,263:10,162:23,89:4,11:29,183:40,121:35,41:34,119:18,231:7,92:33,232:21,234:37,133:3,197:2,124:39,270:8,7:35,51:28,155:29
82,120:27,70:29,157:24,37:37,226:17,116:25,236:28,88:20,102:18,299:23,141:2,258:20,214:28,111:19,36:1,240:34,192:20,93:28,68:27,77:10,56:9,162:3,173:21,288:34,24:33,69:27,183:25,41:18,100:13,54:11,133:27,167:39,33:2,7:35
276,25:12,256:15,17:21,120:11,14:34,190:34,3:10,117:22,193:28,137:25,153:13,281:22,16:2,47:17,57:11,158:18,103:1,52:26,208:9,36:19,194:24,219:3,1:34,38:33,113:19,94:17,46:4,217:33,65:40,207:8,15:12,284:28,209:28,237:13,244:11,245:1,296:40,264:30,232:7,197:35,106:38,51:5,184:28,250:36,87:22,254:40
162,200:25,64:1,39:3,196:6,32:5,151:9,220:11,169:31,176:7,48:22,271:7,118:9,175:8,299:39,96:5,268:6,125:38,295:4,294:17,240:24,201:10,192:10,212:31,68:39,185:38,277:23,89:29,252:16,24:6,54:9,92:21,20:16,234:20,50:19,108:25,42:24
217,256:28,190:33,6:24,153:22,31:4,105:17,215:5,258:10,86:36,52:10,168:2,148:13,36:6,224:40,68:37,136:23,94:7,90:4,46:29,174:28,144:11,122:22,15:1,112:1,211:25,49:24,232:3,197:24,91:37,199:30,178:27,266:32,51:18,250:18,213:4,80:33,87:22,146:22,254:24
285,128:40,70:13,239:34,139:18,176:40,271:4,257:4,111:20,2:8,82:20,262:21,298:14,263:1,173:20,288:20,24:15,11:16,121:39,183:14,249:16,54:23,92:16,126:24,133:22,234:3,33:29,293:11,7:35,22:22
131,113:17,45:13,81:9,132:13,98:34,253:31,156:32,130:8,4:26,58:34,143:6,123:9,296:15,248:20,195:35,233:27,16:19,28:8,255:29,228:21,71:5,34:31,150:11,208:19
4,40:6,17:39,128:11,70:19,12:20,157:17,226:33,191:21,229:10,156:28,278:5,273:23,243:28,88:28,30:13,195:1,180:16,101:5,16:2,79:3,141:3,297:28,228:18,71:30,99:16,66:34,107:22,56:31,245:39,110:23,249:17,100:4,248:3,251:16,166:3,171:5,106:5,34:9,22:36,43:11,127:36
249,120:13,17:14,14:3,70:39,64:28,12:21,115:3,226:23,132:5,239:25,116:19,278:34,273:25,300:9,104:24,243:9,30:21,271:34,175:26,79:33,299:30,257:30,99:35,2:1,138:6,82:33,298:8,185:23,177:1,107:22,173:36,24:1,121:7,130:34,188:6,126:13,92:25,251:28,234:30,166:17,33:27,78:26,179:13,22:27,127:26
203,224:33,201:38,13:36,277:8,39:3,32:13,162:7,62:34,289:17,48:18,44:30,235:22,282:40,218:13,269:11,102:9,186:7,50:15,164:3,108:34,155:39,202:6,148:32
248,25:40,120:8,40:8,128:30,157:13,226:21,132:25,156:25,273:12,104:34,10:1,233:25,16:25,57:10,95:16,208:40,113:9,177:4,56:16,75:38,209:32,244:29,249:17,100:27,28:18,126:38,60:24,166:26,205:6,106:11,33:37,34:18,150:5,127:27
63,55:40,94:30,61:18,135:1,81:1,276:9,286:20,174:38,117:14,265:33,292:16,237:3,170:27,227:26,84:5,163:31,35:17,109:14,67:26,52:23,129:28,27:27,9:18
255,25:2,256:40,40:40,128:20,115:7,132:36,191:26,139:7,73:26,156:28,278:20,300:20,243:28,31:15,10:36,215:38,180:11,141:17,258:36,214:2,71:30,138:30,38:17,276:5,56:29,174:23,265:27,173:21,11:31,15:19,121:34,209:40,130:8,4:26,245:14,249:3,248:31,100:24,232:28,251:35,60:40,205:38,106:6,34:31,184:18,179:4,250:19,43:29
164,26:8,154:3,196:20,39:26,6:10,151:37,169:5,176:18,271:4,147:23,118:14,283:39,111:16,160:31,138:1,294:40,240:5,224:32,192:35,262:14,93:38,201:8,68:11,212:23,13:22,90:25,77:33,23:14,263:39,162:12,89:35,252:7,69:14,44:21,235:36,119:39,269:28,231:22,54:31,108:10,42:25,199:27,279:35,146:11
167,200:20,64:13,97:21,26:20,154:27,6:38,181:27,239:40,220:22,116:6,236:14,48:27,147:19,175:1,299:1,283:27,96:34,214:30,111:18,160:22,182:16,138:12,240:2,201:15,262:18,93:36,192:29,277:13,77:36,162:40,263:14,89:1,121:33,289:3,41:35,53:11,234:15,164:25,50:32,108:5,42:32,199:18,270:15,155:25,146:16
260,194:25,72:23,113:33,61:34,45:25,117:14,193:8,83:10,137:6,98:24,75:6,114:26,281:36,245:30,47:25,230:23,60:14,74:39,67:30
87,17:40,120:10,40:22,128:30,157:37,191:30,116:12,156:8,300:33,153:15,281:22,243:2,86:3,208:35,36:32,1:28,38:30,113:8,77:5,122:21,143:37,41:12,100:36,264:8,291:16,197:37,205:40,266:20,213:3,184:30,80:30,254:1,275:36,190:19,290:10,226:25,83:39,6:21,117:33,267:33,141:4,103:20,216:33,219:31,265:16,173:27,209:33,244:39,248:17,53:9,255:17,51:17,250:26
37,70:37,64:33,239:2,116:1,278:15,273:30,243:5,95:35,241:32,99:26,185:3,298:35,66:15,177:35,107:40,24:17,11:13,183:36,285:10,4:3,249:33,188:6,92:32,234:21,251:17,33:8
196,240:37,262:12,26:6,225:37,23:29,181:21,252:31,69:24,220:30,151:13,289:15,102:10,203:22,269:11,186:20,54:9,20:29,167:25,108:7,270:15,155:6,182:36
12,25:31,17:25,14:12,37:39,191:1,29:40,229:21,287:17,116:24,73:29,243:18,221:3,175:36,79:11,57:4,71:6,241:22,82:38,219:12,66:2,38:9,107:12,173:14,11:36,121:13,183:14,209:15,285:4,244:31,248:15,255:35,188:1,28:1,133:27,251:6,166:19,171:5,33:37,7:24,184:16,43:20
39,200:20,196:34,181:35,151:2,282:11,147:4,148:25,125:18,201:36,93:26,21:34,13:11,90:15,277:15,144:27,89:32,289:10,44:14,235:24,210:29,50:32,206:30,167:17,199:6,270:20,279:14,155:11,146:16
193,194:32,1:18,81:29,286:20,265:9,83:6,274:38,5:2,284:1,137:26,207:3,170:7,281:2,58:28,123:28,63:5,163:15,35:4,158:23,134:6,52:10,142:19,27:2
181,26:8,97:37,32:33,151:10,236:11,282:6,118:22,186:32,283:5,268:30,125:4,182:32,165:8,21:5,201:11,68:10,247:26,13:29,90:20,23:7,144:21,162:31,89:40,289:12,44:26,235:16,119:32,203:40,269:36,53:15,231:20,164:27,108:28,199:40,42:23,270:20,202:23,146:2
149,256:20,6:24,62:15,105:34,118:35,267:8,109:28,216:2,160:8,52:23,165:9,148:16,224:37,212:5,144:34,217:34,238:37,207:31,237:33,112:32,235:21,218:24,53:3,49:9,291:30,124:28,199:13,266:27,213:37,51:10,9:34,254:14
29,70:29,37:17,107:10,229:25,278:24,104:9,10:33,249:23,79:2,251:32,171:15,95:27,297:29,33:8,150:35
116,25:8,14:8,17:23,128:15,154:39,3:25,132:18,239:38,139:34,156:16,278:22,273:18,243:26,88:6,10:30,30:3,198:22,258:11,283:14,216:35,103:26,241:7,160:37,86:13,138:39,36:32,93:24,262:24,219:26,77:14,56:34,173:29,24:36,11:36,183:18,209:5,285:21,4:8,41:8,264:24,255:5,246:34,33:12,7:17,184:21,179:20
137,76:33,135:35,83:29,47:33,163:30,267:16,52:31,19:2,208:35,194:19,55:7,94:15,61:25,81:28,286:7,65:30,15:33,207:29,170:19,84:6,63:40,291:25,60:6,223:12,129:9,27:25
156,17:32,120:27,14:32,275:22,12:15,3:29,191:9,229:14,287:27,278:20,221:12,88:4,243:38,233:37,141:11,198:18,95:38,103:5,208:15,36:21,38:5,122:13,280:37,75:11,130:25,245:40,143:19,110:14,249:40,296:18,100:36,246:25,205:25,179:28,184:28,127:27
153,154:31,149:18,300:38,273:2,31:12,118:18,52:8,86:13,148:6,21:36,93:33,77:3,46:2,174:20,144:25,15:24,291:9,206:20,124:19,197:21,259:4,266:19,213:30,254:33,9:22,222:30,256:29,190:22,290:27,3:28,6:7,287:14,180:26,138:14,294:39,68:35,247:23,219:28,265:29,89:26,209:5,119:34,255:34,91:36,42:7,250:37,51:29,179:13,146:1
88,40:9,14:26,128:4,70:14,64:26,157:40,12:10,37:27,29:26,139:15,278:29,104:28,273:35,10:35,271:14,101:40,198:39,257:31,95:4,297:8,111:9,2:3,241:7,99:32,219:10,185:33,177:30,107:39,173:32,288:14,24:11,121:27,285:13,130:37,249:40,234:19,251:24,246:13,166:12,33:38,22:39
243,25:39,120:6,14:2,275:34,115:17,3:22,226:39,287:35,278:10,273:12,88:3,221:10,175:40,16:10,95:18,241:8,82:29,36:35,219:28,38:11,56:33,107:27,173:40,122:40,121:8,130:13,131:26,244:29,100:4,248:21,264:39,126:9,246:35,166:15,106:22,7:11,179:33,184:5,150:34,43:25,127:21
123,45:4,261:1,117:5,114:11,281:12,233:2,16:19,57:22,158:19,74:9,19:25,208:5,194:33,72:5,1:13,38:4,81:20,280:7,274:35,284:24,253:6,170:20,244:17,245:15,143:30,28:27,230:17,60:4,260:27
175,40:27,120:4,70:32,64:24,154:17,37:30,226:1,116:7,139:27,236:16,278:32,176:1,88:24,271:26,102:19,141:7,257:15,2:32,241:30,138:20,82:15,294:16,192:21,262:32,298:3,185:2,77:16,173:10,24:22,121:5,183:4,285:36,41:25,20:7,234:21,133:35,251:21,42:33,7:2,179:34
118,275:23,190:18,290:12,225:25,39:26,32:37,6:29,239:26,300:40,282:38,147:34,186:9,258:32,272:6,214:17,182:40,165:14,148:23,138:2,201:35,212:20,68:11,247:8,46:24,77:20,217:38,263:12,122:25,289:30,112:19,235:7,218:39,269:32,53:18,203:20,264:36,231:23,92:25,50:40,167:35,197:22,108:28,42:32,270:26,51:20,279:22,202:4
101,12:4,37:3,56:12,132:3,229:18,29:31,183:19,156:22,243:22,249:23,110:13,248:19,126:18,246:28,33:3,293:1,78:8,241:14,22:11
189,85:40,222:13,140:22,55:40,18:18,136:26,163:36,259:18,238:24,172:9,109:2
283,120:11,225:34,220:17,139:39,236:5,153:40,300:11,176:35,175:39,118:3,198:33,161:1,214:36,111:40,96:13,216:20,2:26,86:11,138:20,125:26,82:40,192:18,21:19,201:13,68:31,219:23,13:19,298:9,90:11,162:12,263:28,173:2,89:2,252:35,69:32,11:33,269:9,231:16,50:26,124:27,197:38,42:8,270:16,51:30,155:11,279:15,146:10
161,40:15,14:3,17:9,157:4,154:35,139:34,116:4,156:34,273:16,153:21,243:34,31:22,214:23,86:34,165:37,36:40,93:37,212:18,38:37,77:1,174:2,11:26,15:25,237:25,112:18,245:38,100:36,264:29,291:4,197:39,266:2,184:39,254:30,256:35,275:21,290:26,6:26,195:23,215:32,16:9,258:29,216:17,160:37,138:35,68:12,219:28,247:31,90:37,276:7,217:33,265:12,173:28,209:4,244:39,119:26,53:37,255:29,232:15,179:1,51:39,87:30
214,200:27,17:38,14:22,64:30,116:31,139:35,273:19,153:9,300:24,243:33,147:25,175:28,86:18,36:35,212:7,13:31,77:33,122:39,15:34,41:16,100:17,234:5,206:10,199:4,266:19,184:16,275:7,290:15,3:33,226:3,6:17,287:4,102:9,195:40,180:3,215:12,141:40,258:21,138:11,294:32,68:25,298:19,247:29,219:4,217:17,173:28,121:30,209:10,119:22,232:17,42:3,179:3,87:29
52,256:33,135:40,83:30,227:6,105:24,215:35,189:6,158:13,109:32,168:20,55:5,1:20,46:4,286:38,265:36,187:9,238:36,5:3,292:9,211:16,91:5,35:32,250:18,213:36,80:36,129:23,254:31
165,200:12,120:20,14:5,154:2,300:17,153:36,31:13,85:25,283:7,214:18,148:39,224:36,36:23,93:24,212:26,77:11,46:7,144:11,211:22,112:34,235:22,231:39,210:37,197:33,124:34,178:14,266:1,80:36,256:35,275:16,190:22,290:4,6:8,287:4,105:6,186:2,267:6,272:12,160:5,138:27,217:17,89:8,218:22,53:7,49:29,232:27,164:26,91:12,42:37,250:23,51:31
125,200:15,196:39,236:18,176:34,300:11,282:28,118:2,111:5,268:2,182:19,21:10,93:19,13:13,77:35,23:38,252:5,289:5,41:24,269:9,231:1,54:3,50:8,199:31,97:40,26:5,225:31,151:11,271:18,102:8,186:15,258:28,96:29,2:22,295:35,68:9,277:14,263:19,69:8,44:32,119:19,53:35,203:27,167:22,164:21,20:6,42:6,279:32,155:37,146:19
148,224:15,13:8,290:33,190:37,32:35,144:15,6:1,8:9,237:38,85:2,235:36,218:3,105:1,53:23,147:38,186:8,91:6,160:36,146:22,254:29
13,154:6,149:11,236:37,153:3,300:6,118:28,268:35,165:2,21:36,77:39,252:4,122:21,269:32,264:7,231:14,92:19,206:29,108:34,197:3,124:30,178:11,270:15,266:29,275:3,225:28,290:40,97:17,190:28,32:13,6:34,239:19,287:24,186:7,258:36,272:3,216:27,160:4,138:26,192:25,201:38,68:7,90:1,277:28,162:32,173:16,44:13,218:11,53:18,167:20,51:27
61,81:24,83:37,117:35,193:36,65:9,284:6,5:2,292:24,114:38,58:26,84:18,163:13,158:40,223:21,67:30,134:4,142:30,19:27,129:11,27:21
144,200:15,136:23,13:35,90:17,32:5,187:23,6:36,89:28,62:20,44:23,282:26,18:17,118:30,203:20,147:12,186:39,210:11,124:33,197:27,272:4,268:10,182:39,202:38,146:18
280,132:16,191:23,73:40,221:40,243:1,195:24,47:18,16:4,180:20,233:33,71:29,208:33,72:21,38:23,113:32,81:14,159:2,98:25,253:19,245:4,244:37,131:33,4:9,143:4,110:5,296:35,248:18,255:3,28:38,205:37,166:20,260:7,34:2,184:19,150:28,43:17,127:14
183,40:9,70:20,128:31,157:37,132:14,239:38,287:17,278:21,104:23,243:16,88:7,198:11,111:14,2:9,219:24,66:11,56:11,263:2,288:33,209:38,4:3,249:36,100:38,234:23,133:33,171:40,78:38,7:9,179:20,22:1
245,115:18,45:6,157:3,83:35,191:4,273:29,221:31,243:13,195:40,47:21,74:13,67:5,134:18,228:16,71:5,36:29,1:10,219:3,38:33,81:12,15:31,284:25,253:6,75:32,209:30,130:15,131:19,143:36,296:28,248:25,28:22,205:5,106:32,250:35,184:6,87:13,27:7
41,25:34,120:20,14:14,64:39,157:11,181:20,139:37,153:10,31:34,147:16,118:27,283:10,161:25,86:12,165:1,36:31,21:20,13:12,46:20,122:14,11:22,289:32,112:29,100:22,264:13,92:10,234:40,124:17,199:16,270:20,184:35,80:10,275:15,190:15,6:9,239:14,48:17,102:4,180:4,299:38,216:28,103:14,160:22,68:30,247:3,90:31,217:17,162:10,263:7,89:11,173:1,44:32,53:31,255:8,164:11,7:27,179:30,51:8,155:8,146:26
84,55:18,1:30,94:14,286:19,276:9,193:1,265:35,83:22,65:1,5:5,207:20,292:5,114:26,163:25,35:18,223:4,74:1,158:29,67:19,134:15,260:24,52:39,142:10
188,128:6,64:27,56:36,229:6,29:25,183:31,121:31,278:29,285:33,88:18,271:24,100:38,175:19,101:19,141:15,171:8,297:18,78:5,99:35,22:12,82:28
259,256:3,222:31,190:19,290:26,59:31,149:7,8:28,227:21,172:20,52:10,148:5,168:8,165:28,136:40,94:36,46:24,217:9,265:19,238:10,207:5,5:23,211:7,112:17,140:16,206:36,35:18,266:13,204:19,80:3,202:34,9:36
78,70:25,66:26,12:39,37:39,177:1,56:38,288:21,29:30,229:25,104:18,88:11,4:12,126:39,251:15,246:6,297:14,95:32,150:12
213,256:4,222:29,190:28,290:21,6:5,137:38,227:12,105:19,168:12,165:5,1:24,247:25,94:37,46:31,81:21,276:16,286:40,265:2,65:17,237:17,292:19,211:21,112:27,63:3,84:9,49:22,291:27,232:18,91:39,35:5,259:6,60:37,223:14,266:32,80:8,129:34,9:14
275,120:5,17:14,128:29,116:30,139:32,273:17,153:28,283:23,86:31,208:13,21:7,212:31,46:39,77:21,122:15,11:17,112:14,100:13,264:5,206:12,197:31,60:28,178:25,266:32,80:13,254:21,256:36,3:39,30:22,195:24,180:27,16:17,198:22,216:29,160:24,138:1,247:30,219:15,90:28,276:2,217:28,121:24,209:12,119:12,255:32,232:39,179:16,250:21,146:30
261,76:13,194:37,72:3,230:14,74:35,98:31,260:9,253:40,114:32,170:8,242:15,58:33
6,200:13,120:14,14:18,275:28,290:21,154:17,287:5,300:24,31:22,180:16,267:31,283:17,272:23,160:36,294:30,21:14,68:23,247:1,90:30,46:5,187:23,173:34,209:24,237:29,112:1,119:19,53:31,232:8,92:22,91:15,124:1,197:10,259:40,199:39,266:18,179:15,51:12,146:25,254:33
8,222:2,105:27,136:37,49:26,189:12,144:24,238:27,149:2,272:27,204:26,202:9
278,14:10,17:40,120:28,70:25,115:31,12:12,226:6,132:2,287:28,104:40,273:31,10:39,195:2,101:7,79:23,141:5,95:14,228:18,82:36,219:14,177:32,107:15,11:37,121:33,209:36,285:5,244:24,110:6,248:36,133:34,246:23,171:14,166:40,78:29,293:21,33:34,7:1,179:34,22:33,127:21
227,136:33,105:13,163:11,189:33,286:25,91:36,8:9,172:21,207:27,292:11,211:32,168:5
215,256:9,120:19,40:5,275:23,157:16,6:14,83:23,273:31,300:39,153:1,195:27,180:37,267:32,258:39,103:32,165:28,212:17,38:30,77:1,46:22,276:1,265:24,122:12,207:29,15:34,284:32,209:8,245:38,143:23,41:2,232:9,197:16,60:15,35:6,205:12,106:22,178:12,213:2,179:2,184:19,87:16,9:30
233,145:26,38:7,115:27,284:14,98:39,253:34,130:32,242:24,281:37,245:37,58:23,30:25,296:22,57:32,60:8,205:28,106:33,74:21,260:39,228:31,34:8,71:23,43:32
267,256:34,222:15,117:38,83:29,153:32,227:28,189:22,216:5,52:12,168:17,208:32,136:16,1:37,94:22,276:17,174:29,217:6,187:29,65:25,5:22,112:31,84:30,63:40,49:1,197:34,259:36,35:12,178:25,223:7,204:1,51:18,213:5
272,222:16,190:20,32:38,149:5,62:8,153:20,282:1,18:3,267:25,216:2,160:33,52:11,148:15,212:15,136:9,247:37,90:15,46:4,217:6,187:6,237:16,112:19,211:40,235:23,53:9,49:8,291:19,210:24,206:2,124:18,259:12,178:25,266:23,204:17,51:20,213:13,9:31,254:31
168,135:35,83:13,265:14,59:2,137:1,207:4,292:6,140:7,63:26,84:24,163:21,291:24,189:10,91:1,223:4,172:31
295,225:14,39:24,277:6,196:35,23:1,181:34,252:39,69:38,151:2,236:24,289:4,203:20,269:39,186:11,164:22,108:7,96:39,155:33,279:26
294,25:7,14:11,120:26,157:40,181:23,139:35,116:31,236:10,273:1,118:17,257:16,283:10,161:38,125:36,165:10,182:9,262:8,212:6,13:5,252:13,122:18,24:11,11:8,289:30,41:22,100:25,264:29,92:8,234:14,50:7,108:30,199:1,184:13,275:12,239:38,220:8,48:19,102:12,299:22,198:33,216:38,160:12,138:38,82:31,192:32,68:32,298:35,219:8,90:11,263:16,89:27,209:33,119:31,167:11,20:36,51:19,155:29,279:15,146:9
192,200:14,97:39,196:36,239:40,181:9,236:12,102:5,299:22,258:10,111:26,125:17,201:9,93:38,68:22,298:30,77:2,277:21,173:25,252:17,11:24,289:14,41:24,269:30,54:35,234:19,108:26,270:20,7:22,279:7
68,256:10,14:34,120:4,275:39,128:19,97:33,190:16,290:3,239:40,116:31,236:32,48:36,271:10,147:16,102:13,299:17,258:7,86:7,160:6,2:12,182:32,165:28,138:33,36:40,21:15,93:1,298:35,219:3,247:7,90:32,89:36,173:7,69:12,24:16,121:16,289:38,112:35,44:2,269:23,264:6,167:19,234:38,108:34,179:23,51:23,279:4
219,25:39,17:22,40:26,115:31,154:25,191:14,139:18,156:27,300:31,221:9,175:16,241:24,86:2,208:31,36:29,93:26,212:21,46:22,15:21,41:39,92:10,291:15,251:29,197:2,190:32,3:26,226:15,132:30,6:12,30:32,195:32,180:6,215:22,16:38,141:24,57:31,216:39,138:31,82:19,121:28,4:17,249:19,248:3,255:14,106:25,42:31,250:12,179:33,146:16
247,256:23,222:40,190:38,32:18,8:22,149:6,62:10,85:13,31:38,105:17,147:24,215:35,186:13,267:37,258:25,283:2,216:33,160:17,165:29,148:12,224:36,136:31,13:18,144:30,217:19,211:16,44:34,235:34,119:38,49:16,264:34,210:33,206:24,91:32,197:28,124:10,259:18,178:24,266:20,51:34,80:19
177,12:20,132:21,229:6,29:25,73:2,156:20,130:23,243:36,221:17,4:12,30:3,110:13,101:10,251:31,246:39,297:22,171:34,33:19,293:30,71:14,34:3,99:36,150:25,43:15
56,25:34,17:6,14:15,70:6,128:5,12:11,157:24,37:13,226:7,29:39,287:14,156:35,278:14,273:30,104:33,88:11,221:28,30:28,10:39,195:7,180:13,79:16,141:10,95:31,57:28,103:19,71:6,241:5,36:8,66:5,219:23,177:20,280:21,11:21,209:10,130:28,110:7,249:20,28:27,251:38,171:27,293:19,106:13,150:40,22:32,127:10
286,76:17,55:2,61:33,135:5,265:28,117:13,83:28,65:8,207:15,211:1,49:19,267:33,158:30,19:19,168:22,9:8
187,290:38,190:19,59:19,8:3,149:25,62:26,153:27,85:6,282:11,18:3,189:32,109:40,172:30,168:40,148:1,165:14,224:34,136:33,247:37,90:18,217:14,238:13,237:13,44:29,235:28,119:18,218:28,53:29,210:27,91:35,197:40,259:30,199:10,178:13,266:30,213:10,254:21
173,120:26,40:30,14:26,275:1,64:14,157:11,37:16,132:2,287:3,139:29,278:20,176:4,31:18,10:3,271:22,102:24,195:4,180:9,299:35,198:28,111:23,103:8,2:8,241:29,86:12,138:8,294:14,36:14,21:1,93:4,185:37,219:15,298:10,56:37,162:3,288:11,24:33,183:13,92:32,232:6,251:38,167:29,124:4,197:26,42:4,7:1,184:30,146:17
69,26:31,225:8,39:39,239:23,181:19,169:23,271:4,118:5,147:29,186:11,258:34,111:1,2:27,268:36,138:5,294:34,93:25,21:23,192:37,298:23,13:16,277:8,23:8,263:17,162:26,252:38,54:22,167:10,50:19,42:5,155:25,279:23,146:37
274,76:25,194:36,61:7,261:34,75:4,152:13,114:24,242:14,170:12,281:14,58:25,143:26,233:6,158:34,67:34,260:23,27:36
284,256:1,17:34,3:27,117:26,83:8,137:15,156:21,281:32,58:14,31:39,47:2,16:9,161:3,74:25,194:16,72:10,81:21,265:33,280:18,159:15,98:27,15:32,131:9,84:30,63:17,28:40,255:12,291:8,60:10,223:9,250:30,260:27,213:3,184:40,34:4,80:4,87:34,142:35,129:2
5,286:12,265:15,83:16,65:29,238:20,137:23,211:3,227:34,105:1,63:1,49:36,163:40,291:13,189:6,223:1,158:21,172:31,204:39,213:8,168:36,9:28
209,25:35,120:26,14:9,128:7,154:8,115:23,156:16,273:38,300:31,243:7,88:5,175:14,283:39,165:25,36:30,212:23,46:6,174:3,11:39,15:39,41:26,100:6,92:10,251:33,197:11,205:20,80:17,290:19,3:25,132:30,239:20,10:38,195:20,180:35,16:24,103:4,138:26,82:6,68:22,219:14,90:39,173:7,4:12,249:22,53:3,246:18,7:40,51:37,250:28
119,200:6,154:13,39:3,149:39,85:8,282:21,118:37,147:28,283:3,86:4,148:30,165:18,224:30,21:22,13:11,144:19,252:2,122:11,237:27,112:33,235:7,41:23,231:36,50:19,197:24,199:17,266:24,254:17,222:11,290:1,32:17,62:13,18:7,186:33,258:29,272:9,160:35,68:35,90:27,217:36,89:26,218:12,203:24,53:24,167:40,91:13,42:36,51:15,146:37
20,64:13,26:36,181:2,169:3,176:17,271:26,102:29,283:1,111:18,268:19,182:7,82:3,295:30,201:39,192:11,185:8,263:25,69:37,24:6,164:30,234:7,167:23,50:10,270:26,155:22
91,256:32,222:14,190:7,290:17,135:26,149:20,8:23,85:37,267:35,189:26,272:26,172:16,216:30,86:33,224:12,136:28,90:40,144:25,265:14,5:39,112:25,291:27,206:9,197:40,259:34,51:22,202:26,9:39,254:35
223,1:33,94:1,135:39,276:11,286:4,193:7,83:36,65:32,207:35,237:2,292:5,281:25,58:3,63:6,60:18,158:34,67:13,260:15,52:32,129:32,9:37,27:35
155,97:4,26:15,225:12,32:16,181:4,151:3,236:27,48:17,271:30,282:37,118:25,147:25,96:23,160:9,268:17,182:19,240:11,192:17,93:20,68:9,13:1,77:31,23:7,162:23,89:8,289:21,235:7,119:25,231:5,234:2,164:38,206:14,108:34,124:7,199:30,146:14
150,66:6,12:7,226:32,132:28,191:15,159:9,73:10,156:18,278:22,4:33,249:14,101:5,79:12,28:40,251:25,141:29,57:6,297:32,171:35,228:35,34:23,127:4
279,196:9,32:18,181:40,151:4,220:26,169:14,176:36,271:32,182:21,93:12,21:28,262:22,13:5,277:10,162:7,252:26,289:14,269:10,203:15,231:17,54:23,234:36,167:40,20:33,270:3,155:36,146:36
146,200:31,256:8,14:10,239:8,149:39,287:34,116:3,62:4,300:37,48:4,31:37,282:31,147:29,118:5,215:23,186:40,198:10,258:10,161:30,272:34,214:6,103:5,160:40,165:38,138:35,182:17,224:10,68:30,247:18,13:33,46:27,77:11,162:18,252:22,209:20,112:37,235:35,203:32,53:16,92:29,206:37,197:22,124:16,42:20,178:15,270:35,51:5,254:4
202,247:10,13:6,90:20,190:8,39:26,187:25,149:3,62:4,44:40,119:29,18:18,147:33,178:40,272:18,266:38,165:6,148:34
76,72:10,1:11,61:20,117:2,193:1,65:27,284:32,152:29,292:14,114:19,281:3,58:36,123:33,84:34,63:15,47:12,230:27,74:28,223:5,134:34,260:31,19:6
200,154:8,181:34,149:19,236:13,153:25,282:23,147:36,118:22,283:38,268:18,148:2,93:24,21:3,262:13,212:10,13:38,77:26,252:14,289:11,41:18,269:5,197:10,199:1,270:35,290:27,97:16,32:4,62:25,48:35,258:37,272:17,96:33,216:16,138:14,294:18,201:21,68:29,247:12,90:26,277:12,89:15,69:30,218:39,53:16,203:16,164:40,155:33,279:11,202:25
40,128:33,64:11,37:24,12:22,191:21,116:18,156:29,300:9,221:24,243:8,283:18,214:21,86:39,36:35,38:8,77:14,46:29,122:13,130:35,41:31,92:7,234:22,133:23,205:35,184:14,70:19,275:6,3:15,226:23,132:30,239:38,278:3,10:13,271:13,16:11,141:21,198:31,258:1,57:16,103:18,82:28,294:10,68:1,56:33,209:25,249:34,232:15,246:2,33:29,42:1,106:39,7:35,179:34,127:18
120,40:16,17:19,14:38,128:30,190:27,226:23,239:34,287:25,139:8,116:3,153:38,300:23,31:14,195:9,16:1,180:33,141:14,258:30,161:31,214:39,86:5,208:26,36:32,93:30,212:15,219:11,38:31,77:19,46:38,174:14,56:31,263:25,217:25,122:23,11:18,121:12,264:32,255:27,291:17,251:1,197:22,246:13,60:17,106:11,179:28,250:26,146:4,254:2
191,17:1,145:11,45:11,132:40,73:2,278:1,221:29,281:4,243:24,123:15,195:12,16:26,233:21,95:4,74:29,103:33,71:30,228:31,194:23,113:29,38:7,81:7,177:37,56:8,107:19,159:31,98:23,284:13,209:20,253:39,75:25,130:1,131:2,248:21,28:26,60:23,166:14,205:37,106:5,34:18,179:39,184:21,127:11
139,40:37,14:20,128:11,12:25,37:3,157:18,220:24,278:30,243:19,10:23,195:19,102:21,299:24,103:36,138:15,82:19,240:22,36:1,262:28,192:4,68:14,77:6,56:16,24:22,183:37,209:11,249:24,264:7,54:10,188:29,92:28,133:39,167:22,42:19,7:9,184:3
169,201:29,225:28,26:16,39:16,196:16,32:24,181:11,252:26,203:19,269:3,231:34,268:29,155:30,125:29,295:27
176,97:33,239:11,220:14,139:18,48:40,271:23,102:26,299:27,257:30,241:31,138:39,82:27,294:12,262:15,93:15,192:34,298:32,277:15,69:8,24:34,121:6,54:25,92:23,167:18,133:4,234:2,42:12,270:6,155:38
58,145:11,117:4,191:38,137:35,281:37,123:4,47:7,158:5,74:12,134:29,1:18,113:4,38:8,276:2,174:35,280:25,98:8,253:4,75:32,170:26,242:15,245:8,143:36,84:11,60:31,106:17,34:15,260:1,142:14
282,222:25,21:6,13:14,247:17,32:19,89:13,252:24,149:30,235:33,269:17,18:14,147:35,53:11,186:5,50:28,164:38,124:10,178:31,199:7,160:27,268:20,165:7,202:4,148:5
111,64:10,97:29,239:7,139:15,116:34,236:14,176:31,271:31,102:5,175:17,299:40,257:40,96:29,138:18,294:32,262:31,298:10,162:38,263:10,288:2,24:33,121:10,289:29,231:9,133:16,234:38,42:35,7:34,279:8
86,25:24,200:35,256:18,17:9,3:14,157:18,6:25,149:36,287:23,273:24,300:14,118:11,147:27,215:9,258:40,272:38,216:40,160:1,165:25,294:36,36:35,21:39,93:23,13:30,247:5,46:37,77:14,174:4,276:36,89:18,15:33,209:19,237:36,112:15,44:7,100:26,255:1,167:25,124:10,178:8,51:11,213:32,80:38,146:4,254:15
241,14:26,40:35,120:4,70:18,64:29,157:1,132:11,239:21,139:27,287:39,278:12,104:28,300:16,273:17,297:17,111:11,138:4,82:32,294:34,298:12,288:28,11:13,24:2,121:38,183:18,209:3,285:2,4:24,249:25,100:36,188:40,126:35,234:17,7:29,127:21
182,200:12,97:28,39:38,32:36,151:26,169:39,282:12,147:4,186:17,283:39,96:20,268:33,160:38,295:4,240:4,224:34,21:27,192:1,212:18,13:35,277:11,162:9,89:11,69:29,119:20,53:8,203:26,269:25,164:34,206:15,199:7
262,64:38,26:25,97:40,225:26,154:18,239:31,151:8,236:34,300:23,102:10,299:3,198:23,257:13,283:40,96:12,2:25,241:5,125:13,182:3,82:6,240:1,93:9,192:34,21:3,68:15,13:36,185:34,263:33,162:37,173:2,11:33,69:22,289:24,41:18,269:16,100:1,234:25,20:40,42:23,7:24,155:26
136,222:38,190:9,94:37,135:20,149:23,5:30,237:26,211:4,112:10,44:11,163:12,206:27,172:20,109:36,266:24,204:8,213:12,52:39,148:7,168:36,202:4,165:4
55,135:38,59:29,227:31,105:5,163:13,267:29,172:11,109:16,168:34,136:39,217:13,265:38,65:14,207:3,5:19,237:16,292:6,211:2,49:20,291:1,91:8,259:16,35:13,223:7,204:5,213:13,9:4,254:21
72,81:13,117:5,274:5,152:17,170:18,131:36,58:6,281:10,245:15,296:36,16:8,233:11,47:1,28:34,230:15,60:1,74:4,134:29,34:3,27:26
24,40:26,14:13,120:19,70:5,157:24,226:32,239:29,287:2,220:16,236:36,278:6,300:19,102:37,258:6,283:19,214:26,138:34,262:34,192:34,93:26,219:28,298:39,77:36,263:28,288:34,69:40,121:36,183:6,209:3,41:21,54:24,188:27,133:40,167:11,42:24,7:8,179:21
159,156:28,58:4,221:35,123:15,195:35,16:37,233:1,47:17,74:26,134:20,228:11,72:39,38:16,81:4,98:15,75:6,242:18,244:38,131:19,245:13,143:24,296:30,110:11,248:4,246:21,60:24,205:33,106:17,34:32,260:28
289,26:39,32:6,236:40,169:39,176:11,48:17,102:22,147:3,186:15,283:38,2:5,138:22,182:14,240:8,201:12,21:37,298:36,13:3,162:39,69:11,20:35,50:14,164:27,108:6,124:1,42:38,199:26,270:33,146:30
253,72:1,113:26,45:4,274:33,159:26,284:14,98:36,114:8,110:2,248:27,47:13,28:13,205:5,60:34,106:39,67:24,134:38,34:26,228:4,260:4
143,76:27,17:3,45:39,193:8,83:14,191:33,137:12,281:13,31:9,195:32,180:36,16:34,47:31,233:26,57:10,74:11,134:9,72:33,38:31,81:12,276:30,15:14,284:40,253:27,75:6,170:39,84:26,248:8,255:20,232:3,291:36,35:15,205:21,60:24,223:5,106:1,184:27,260:26,43:12
235,224:11,200:5,21:26,201:24,13:13,144:13,23:36,89:16,62:14,218:36,147:22,53:7,18:39,210:13,50:37,124:22,199:21,268:8,202:26,182:30
110,38:38,145:15,12:6,226:31,107:39,191:21,73:34,75:17,130:22,104:18,245:1,131:15,243:12,296:4,248:3,233:16,16:40,95:2,106:13,228:18,34:4,150:32,43:10
140,227:3,55:24,105:2,136:40,135:12,59:28,8:18,109:23,207:6,5:30,211:15
269,240:34,294:1,93:17,97:23,277:25,39:28,23:39,263:11,162:38,220:4,69:28,236:26,62:40,289:23,235:4,54:14,167:8,20:6,108:4,124:33,42:26,155:27,146:38
231,200:8,64:18,196:39,39:25,151:23,220:23,176:18,300:1,48:18,282:25,102:38,186:15,299:23,258:5,96:5,182:33,295:29,294:9,240:2,262:30,192:14,201:40,21:12,68:8,90:4,277:4,263:19,162:12,173:37,69:36,289:27,41:1,269:5,53:40,203:18,54:15,50:11,167:2,206:10,20:5,234:23,199:15,270:35,146:40
291,25:7,17:16,275:36,3:35,6:21,83:24,105:7,180:23,215:12,267:4,214:28,103:14,52:5,86:29,165:1,208:22,247:39,94:6,90:9,46:21,81:24,276:5,174:38,265:8,217:10,122:22,65:24,209:18,237:21,292:19,112:15,211:28,84:22,53:38,63:17,264:31,255:22,197:39,60:34,259:11,223:4,266:8,204:2,250:36,51:26
251,40:11,70:29,64:8,157:6,115:25,226:14,287:6,139:23,116:25,156:38,278:28,104:37,273:9,221:29,243:5,10:6,195:34,101:18,79:22,299:30,141:3,257:32,297:27,241:28,82:27,298:5,107:40,11:35,24:33,183:20,285:20,100:39,248:32,188:16,92:13,133:26,234:15,246:30,166:14,293:8,33:22,22:5
50,200:25,225:19,26:34,196:17,6:8,181:23,169:9,62:37,96:18,268:32,86:11,165:2,138:1,182:33,224:9,192:11,262:39,93:18,201:12,68:21,247:17,13:2,77:35,144:9,263:4,252:38,44:12,218:32,41:13,53:6,269:38,206:38,164:32,197:14,124:27,108:10,199:28,270:6,279:30,155:4,146:39
197,256:33,25:34,17:32,40:11,190:8,154:6,149:30,105:40,258:1,272:25,214:40,103:36,216:31,86:35,148:25,294:7,21:19,68:31,212:15,174:9,89:33,15:8,211:9,41:37,264:26,49:2,255:20,232:4,124:20,259:16,266:29,213:34,250:22,51:14,80:15
108,240:33,200:16,262:10,26:4,39:30,89:13,151:17,69:36,169:30,176:27,231:13,20:13,283:7,270:14,96:19,279:37,146:28,125:38,182:16
199,300:8,153:32,85:1,118:9,283:36,161:21,86:4,165:26,148:24,224:1,36:38,93:6,21:5,212:3,13:2,46:37,77:21,144:34,122:30,237:24,112:8,269:19,264:11,210:30,206:35,197:1,124:30,266:34,270:10,80:18,256:12,275:2,190:13,290:7,32:12,48:40,258:24,272:40,216:3,138:9,201:17,68:22,247:5,162:2,89:36,44:36,218:34,203:33,53:35,232:17,91:4,202:8,146:18
178,200:25,222:11,6:17,149:17,8:25,153:27,118:28,160:28,148:7,224:34,93:35,21:8,136:25,68:2,144:19,112:37,235:4,41:4,218:12,119:5,264:37,210:31,232:24,291:10,206:17,50:3,124:33,197:13,91:35,259:8,199:29,266:36,51:32,213:30,80:14,9:27
266,25:30,222:22,200:6,256:29,120:24,190:2,85:2,105:3,147:35,118:20,215:29,267:7,258:6,103:7,216:10,52:23,160:26,86:36,148:8,36:12,93:20,21:23,212:40,68:24,90:35,77:37,144:10,276:30,89:18,122:28,209:26,211:18,44:30,41:15,53:40,49:19,91:30,35:35,204:32,80:39,146:35,254:30,9:39
204,222:20,135:15,286:29,217:13,265:22,59:32,187:31,149:27,227:1,140:10,63:37,105:21,189:25,91:40,172:32,109:17,213:14,52:34,168:11
184,256:23,25:38,120:15,17:14,275:15,190:39,226:20,6:23,287:23,278:22,153:25,273:16,31:8,195:2,141:21,198:15,258:39,57:15,216:31,86:19,138:12,68:13,212:30,219:2,38:14,113:36,56:13,122:6,209:28,130:5,112:36,4:9,100:23,248:19,264:39,291:39,197:24,246:10,166:18,205:35,60:6,106:28,80:36
80,25:35,120:34,17:3,190:37,290:22,3:14,6:19,149:13,153:6,31:40,180:33,215:5,267:33,161:20,272:20,214:2,216:31,160:23,36:40,219:7,1:31,90:20,77:30,46:4,174:13,276:2,265:40,187:13,207:25,292:10,112:16,119:15,264:20,255:34,291:12,232:18,91:13,60:1,35:22,204:36,146:11,254:35,9:19
22,37:7,12:2,177:40,107:35,29:19,229:34,104:37,126:34,133:31,141:33,257:35,171:40,95:20,297:12,33:36,78:6,7:27,150:1,241:9
256,14:36,120:4,190:14,6:13,272:9,214:22,216:9,160:26,1:8,219:32,94:28,77:24,81:10,174:31,187:40,265:24,209:31,237:4,119:33,41:21,264:36,49:32,291:27,178:29,250:37,87:38,80:20,9:20
70,128:4,64:31,12:8,157:20,116:38,139:2,273:17,104:15,243:10,10:31,30:12,271:17,101:31,79:23,299:38,141:29,198:23,257:19,111:1,298:18,219:38,177:15,173:15,130:37,188:38,126:18,171:25,33:30,7:17,179:5,22:22
45,194:36,72:40,113:1,145:32,81:29,261:20,280:2,159:18,274:29,284:16,170:27,114:21,58:24,16:30,233:3,205:22,57:14,74:9,106:21,134:11,34:30
226,14:9,17:16,128:34,12:25,154:21,157:28,37:26,191:4,116:34,139:33,156:34,88:20,221:21,101:40,161:22,241:3,36:9,38:34,288:18,11:20,183:27,264:5,28:30,92:17,126:20,133:19,205:6,275:38,70:22,30:37,10:20,195:27,16:37,299:16,141:16,258:17,57:28,95:8,138:32,298:23,177:10,107:24,173:11,121:1,209:4,244:19,255:17,166:40,106:22,33:30,7:39,179:17
239,200:16,275:22,70:14,64:8,97:23,154:26,226:33,139:17,236:38,88:31,271:22,175:18,102:32,299:36,257:20,161:33,283:10,214:5,86:24,160:11,138:40,125:22,82:2,36:28,240:40,21:28,212:29,219:40,77:38,263:34,162:17,173:32,288:30,122:16,289:13,231:34,54:27,251:13,164:15,20:17,42:1,270:2,7:19,179:17,184:31,155:16
287,17:27,40:21,64:13,154:19,157:25,139:35,116:24,88:29,175:23,161:23,283:39,36:10,21:18,93:34,212:38,38:8,77:13,46:39,15:29,41:22,264:13,197:40,124:5,80:6,256:36,70:7,275:39,190:24,3:35,226:2,239:18,10:6,271:4,102:36,215:11,180:15,299:20,198:19,141:12,103:25,2:32,160:34,82:20,294:3,68:27,219:20,209:9,249:26,255:11,167:15,246:31,51:18,179:1,87:23
220,225:30,97:2,239:27,151:32,48:19,175:18,102:39,111:3,96:31,125:37,82:26,262:15,201:12,192:38,298:25,277:1,263:29,252:7,69:10,121:38,289:35,54:27,164:19,20:15,108:23,155:15
152,61:10,45:25,261:1,193:11,75:8,253:5,114:34,58:2,123:25,296:18,47:11,74:28,67:25,260:15,142:2,19:26,27:37
114,72:23,117:5,193:38,98:16,170:36,58:7,143:4,296:24,47:21,230:33,74:18,67:2,142:26,27:25
163,1:15,135:36,286:30,117:10,238:17,65:33,140:29,267:34,259:29,158:32,223:2,172:11,109:30,204:34,213:35,52:38,129:36,9:37
79,177:23,37:32,107:23,226:24,229:38,288:10,183:35,285:33,104:28,243:19,88:9,101:8,188:22,126:11,141:7,246:19,297:33,78:14,293:9,33:4,99:22,241:31,22:6
299,40:19,128:15,64:22,97:21,37:5,157:35,220:32,116:5,236:17,48:14,88:18,10:25,175:35,198:27,258:17,257:16,283:18,241:37,138:19,93:30,77:7,263:23,69:23,24:5,183:15,285:10,100:36,188:22,54:15,20:10,234:5,42:3
198,120:23,14:17,128:29,64:25,154:25,37:21,12:24,139:30,300:2,243:25,175:19,257:26,161:25,214:34,111:26,241:13,86:20,93:34,212:3,24:33,41:3,100:4,264:24,251:31,234:38,133:16,197:38,3:7,226:34,132:32,6:16,239:24,278:34,30:40,195:27,102:16,180:15,141:36,216:6,103:3,82:40,68:36,298:37,219:16,56:23,121:9,209:24,285:11,244:22,4:24,249:1,255:5,167:14,246:36,7:39,87:35
258,17:5,64:26,157:1,139:24,153:38,31:13,147:6,175:27,283:35,165:15,262:9,122:4,289:39,112:19,41:11,100:20,264:33,50:20,124:10,80:25,256:10,275:32,97:16,290:10,3:24,6:12,239:32,287:13,271:11,102:9,180:23,198:35,216:24,160:38,138:17,294:21,219:23,90:23,162:15,173:40,89:19,209:10,232:16,164:25,167:29,7:40,250:26,179:33,155:12,87:29
74,194:13,1:34,113:25,61:28,81:27,276:3,193:24,280:24,274:26,98:28,253:36,75:11,242:10,131:11,281:33,244:33,28:2,158:29,27:36
109,222:38,94:23,135:25,286:17,59:11,238:38,8:17,5:9,292:2,227:19,49:10,267:9,91:30,35:33,259:37,213:1,168:2,9:28
96,240:10,93:19,192:14,13:35,225:24,196:27,39:24,23:25,263:19,181:24,252:31,69:7,236:26,289:30,169:8,176:12,203:34,147:38,269:1,54:6,164:2,20:15,124:17,279:7
216,120:1,40:40,14:37,273:4,153:34,300:35,118:34,147:38,214:7,165:11,208:12,36:32,224:19,21:4,93:25,212:26,77:22,174:17,15:20,211:10,264:14,291:8,206:3,60:11,178:8,213:18,290:33,190:4,3:5,6:40,287:13,195:10,215:6,103:2,68:19,90:24,276:28,217:6,265:1,173:39,89:19,209:6,119:16,53:15,255:39,232:7,51:36,250:16,146:11
228,38:25,177:36,12:33,56:32,280:21,156:14,130:14,243:10,221:32,244:16,30:1,248:25,101:24,28:30,126:5,205:2,171:11,127:36
19,81:7,83:30,193:35,274:16,284:25,292:38,170:3,114:9,281:10,58:31,143:36,63:18,84:5,47:17,223:39,74:1,67:32,260:18,142:4,129:19
90,120:22,149:24,153:40,300:8,31:36,282:37,118:38,214:14,86:15,268:28,182:38,165:38,148:38,125:24,36:38,224:24,93:6,77:19,46:29,122:28,15:38,237:26,235:35,264:27,210:37,50:33,206:37,197:10,124:40,178:6,199:33,254:32,256:35,222:26,190:8,290:27,32:19,287:4,62:21,48:7,215:11,186:5,138:28,247:31,44:2,218:34,53:38,167:34,42:5,155:7,146:2
277,196:38,32:29,181:40,151:9,236:6,169:10,102:16,118:33,186:9,283:28,96:22,268:9,240:25,201:31,21:35,262:6,263:1,252:15,289:9,54:12,50:25,20:39,164:28,108:32,124:8,155:34
263,200:14,40:21,14:6,128:33,70:23,225:40,26:3,97:31,139:26,116:22,287:35,300:28,273:16,176:6,271:1,175:3,102:11,198:3,258:13,257:12,214:19,241:24,2:21,82:5,240:9,21:32,201:29,192:4,93:22,68:34,185:2,13:20,162:14,173:26,89:11,121:27,289:12,100:1,234:11,108:8,270:1,155:28,279:4,146:22
89,190:13,290:33,154:1,32:23,6:39,239:37,149:26,300:38,147:5,118:14,186:5,272:15,214:27,160:22,148:3,125:14,93:19,212:30,13:21,247:29,90:18,46:20,277:4,77:15,23:28,252:3,69:6,289:4,44:8,203:6,269:10,231:29,264:13,210:27,50:18,178:1,270:31,51:17,279:4,202:18,146:38
121,25:25,17:26,40:18,37:11,154:12,116:15,139:5,273:2,300:3,161:2,283:34,125:16,36:25,262:10,212:22,122:37,11:38,183:30,41:23,100:38,231:13,264:22,54:14,92:22,251:6,133:39,234:27,184:40,70:11,97:9,239:3,287:24,271:15,102:4,299:17,141:23,258:9,160:28,82:30,294:23,192:3,298:2,56:8,162:36,173:28,69:6,209:25,20:5,146:18
170,76:34,296:34,84:31,1:39,61:29,81:39,74:8,223:21,98:2,260:38,152:40,129:30
232,256:7,120:24,17:2,128:1,290:18,154:27,3:7,157:27,287:28,116:40,153:16,300:33,16:24,180:35,267:5,198:39,86:27,68:10,247:9,219:16,38:16,90:29,81:40,77:14,122:34,284:11,209:38,237:11,245:29,119:16,41:26,264:11,291:16,35:6,42:14,266:20,250:31,184:4,87:15,146:20,254:26
230,47:12,45:22,74:34,274:33,67:36,75:9,152:20,253:11,242:8,170:31,27:14,58:11
35,256:12,76:13,137:21,227:34,47:9,163:10,67:6,19:14,168:18,94:3,61:32,46:37,174:6,286:29,276:12,217:15,65:38,284:29,5:38,15:7,292:13,112:39,211:34,49:37,291:23,223:7,204:31,87:24,142:32,9:23,27:20,254:35
106,25:35,14:15,17:34,275:22,145:13,115:24,73:18,156:19,273:26,281:19,221:12,123:9,47:16,180:39,141:4,74:31,161:3,228:6,71:36,208:39,174:8,280:8,98:25,284:40,209:40,75:12,131:17,28:40,291:38,232:16,246:29,60:10,179:38,87:13,43:14,127:14
42,200:20,25:16,120:38,14:8,157:33,116:16,236:23,273:3,147:3,161:9,86:9,182:1,240:20,224:16,93:21,13:32,185:37,122:16,252:1,41:11,231:3,264:2,54:12,92:35,234:11,206:17,50:16,197:20,108:39,199:10,266:7,270:29,184:20,275:9,6:7,287:33,220:24,48:32,271:30,102:29,198:26,258:9,216:10,103:24,2:40,160:14,138:9,82:1,294:6,192:34,201:37,68:18,298:23,247:36,263:2,89:30,121:4,209:34,53:8,20:24,7:39,51:15,179:12,155:31,279:31
7,120:40,64:33,37:14,154:8,220:36,287:7,300:33,273:5,176:38,88:39,10:33,299:15,257:5,297:14,283:34,214:30,2:28,294:22,240:12,219:22,56:30,263:25,121:15,249:1,100:11,188:15,167:38,251:14,33:12,179:1
179,25:18,128:5,12:27,154:24,37:16,115:10,139:22,300:35,88:15,31:4,195:32,299:35,198:7,141:25,57:4,283:18,103:39,216:5,241:21,86:34,138:39,82:40,208:9,36:12,294:2,46:31,56:31,173:40,122:21,121:34,209:19,130:33,4:16,245:32,248:22,264:27,232:28,234:27,251:6,246:18,197:12,205:34,184:31,250:15,87:40
34,17:16,145:38,115:30,156:3,221:20,243:40,30:4,123:9,57:20,74:17,228:31,208:25,194:6,113:8,56:7,107:39,75:20,130:3,244:24,245:29,143:15,296:32,246:24,60:26,166:13,205:6,106:22,43:1,127:40
250,25:23,40:21,190:4,290:6,157:18,3:32,83:32,117:18,6:17,287:13,156:31,300:3,273:21,281:3,31:34,195:13,180:32,47:29,215:30,16:12,267:12,161:5,214:28,86:7,208:21,36:40,1:5,113:33,77:7,81:8,122:17,15:24,237:28,112:22,244:6,143:21,41:5,264:27,35:2,106:6,266:31,213:32,184:24,80:12,254:20
51,256:6,200:17,222:18,120:29,14:20,275:1,290:40,147:11,180:22,215:30,258:15,214:10,160:33,148:32,36:15,224:19,21:14,93:31,212:27,136:29,219:7,90:27,77:40,46:39,174:19,144:19,187:15,265:36,15:30,237:34,112:35,211:24,44:16,264:27,232:2,259:38,199:31,266:13,250:10,213:6,184:29,80:35,254:3
142,76:30,1:36,81:40,286:33,117:15,274:13,137:28,5:17,292:13,170:2,143:34,63:11,47:23,163:36,223:12,74:24,67:36,260:9,129:22
27,76:17,286:3,276:19,83:12,284:22,75:32,170:20,281:21,58:19,143:12,123:5,84:29,134:36,260:22,142:20,19:20
